file,seed,result,objective,time,steps,intervals,T,mean_tau,max_tau,min_tau,std_tau,buffer_cost,real_objective,cplex_1_objective,cplex_1_real_objective,cplex_1_time,cplex_1_relative_objective,cplex_1_real_relative_objective,cplex_1_relative_time,cplex_10_objective,cplex_10_real_objective,cplex_10_time,cplex_10_relative_objective,cplex_10_real_relative_objective,cplex_10_relative_time,cplex_100_objective,cplex_100_real_objective,cplex_100_time,cplex_100_relative_objective,cplex_100_real_relative_objective,cplex_100_relative_time,cplex_1000_objective,cplex_1000_real_objective,cplex_1000_time,cplex_1000_relative_objective,cplex_1000_real_relative_objective,cplex_1000_relative_time
MCQN_K100_I10_T100_alpr1_cs1_ar0.05_sr0.95_nz0.5_gmr0_ccs0_hr0.1_seed1000_data.dat,1000,0,8848.899999087773,0.48325610160827637,248,127,100.0,0.7874015748031497,88.29308285188714,9.908325052388268e-06,7.801951104390507,8871.945715091837,-23.04571600406416,7524.612576505485,-1347.333138586352,0.04676651954650879,0.14965559817816992,-57.46349657128236,0.09677377976371081,8735.944405012806,-136.0013100790311,0.2650113105773926,0.012764930566128157,-4.901370565143083,0.5483868898818554,8843.45303815807,-28.492676933767143,2.681291103363037,0.000615552320657314,-0.23635459747670234,5.548385409805898,8848.779850907791,-23.16586418404586,32.17548942565918,1.3577753166391695e-05,-0.00521347134367659,66.58061702393233
MCQN_K100_I10_T100_alpr1_cs1_ar0.05_sr0.95_nz0.5_gmr0_ccs0_hr0.1_seed1001_data.dat,1001,0,7466.0668288644265,0.4364893436431885,244,141,100.0,0.7092198581560284,87.77001721192347,3.665200595998659e-05,7.364029396936393,7485.416133928261,-19.349305063834436,6395.551766227253,-1089.8643677010077,0.04676699638366699,0.14338407185138957,-55.32576281708746,0.1071435009004413,7376.209055074711,-109.20707885355023,0.31177806854248047,0.01203549015156391,-4.643979382891013,0.7142856362544919,7461.923676591225,-23.492457337036285,2.6657021045684814,0.000554931045779564,-0.21412408660328416,6.107141316026216,7465.972425868306,-19.443708059954588,33.26404595375061,1.264427419202605e-05,-0.004878883030099091,76.20815132875858
MCQN_K100_I10_T100_alpr1_cs1_ar0.05_sr0.95_nz0.5_gmr0_ccs0_hr0.1_seed1002_data.dat,1002,0,9812.908598050555,0.35854458808898926,207,127,100.0,0.7874015748031497,73.12015708689503,6.31327209005445e-05,6.501830176436456,9848.917376064732,-36.00877801417664,8488.696849226015,-1360.220526838717,0.031177759170532227,0.13494589658030748,-36.7746927791662,0.08695643500493734,9711.134793830328,-137.7825822344039,0.31177806854248047,0.010371420787557907,-2.8263609551026403,0.8695656799736675,9808.659015430181,-40.25836063455063,2.6968796253204346,0.0004330604507228583,-0.11801518559449382,7.521741269878212,9812.83999447936,-36.07738158537177,34.23322010040283,6.991155630325055e-06,-0.0019051902057914067,95.4782786789862
MCQN_K100_I10_T100_alpr1_cs1_ar0.05_sr0.95_nz0.5_gmr0_ccs0_hr0.1_seed1003_data.dat,1003,0,8376.446560912955,0.45207810401916504,241,130,100.0,0.7692307692307693,86.51301682794235,1.8574701675691483e-05,7.559353872296365,8397.403439504467,-20.956878591512577,7059.210664565146,-1338.1927749393217,0.031177759170532227,0.15725473645285723,-62.854584502927004,0.06896542631317198,8263.111298647176,-134.2921408572911,0.2961890697479248,0.01353023163719987,-5.40802208548742,0.6551723410505376,8371.709869628134,-25.69356987633364,2.9618911743164062,0.0005654774074395584,-0.22602083913104298,6.551724465272581,8376.3179964863,-21.085443018168007,34.70109987258911,1.5348325297668667e-05,-0.006134712576304082,76.75908115009706
MCQN_K100_I10_T100_alpr1_cs1_ar0.05_sr0.95_nz0.5_gmr0_ccs0_hr0.1_seed1004_data.dat,1004,0,8722.941255724041,0.5612003803253174,289,149,100.0,0.6711409395973155,77.01410750043428,6.499170012034157e-06,6.314490529880289,8747.238096265135,-24.296840541093843,7494.7727808804775,-1252.4653153846575,0.031177997589111328,0.14079751758475192,-50.548484802636466,0.05555590958623019,8619.109381814524,-128.12871445061137,0.28060007095336914,0.011903310003536076,-4.273472253888489,0.49999978758159525,8718.571284472393,-28.66681179274201,2.681290626525879,0.0005009745134739465,-0.1798575927704315,4.777777636165508,8722.852709712995,-24.385386552139607,32.78279185295105,1.0150935154774767e-05,-0.0036443426006770004,58.415484027198055
MCQN_K100_I10_T100_alpr1_cs1_ar0.05_sr0.95_nz0.5_gmr0_ccs0_hr0.1_seed1005_data.dat,1005,0,8459.513045795014,0.35854458808898926,194,133,100.0,0.7518796992481201,85.54512173119711,4.137149384282771e-05,7.390528259258774,8482.739565738619,-23.226519943604217,7189.5016444238445,-1293.2379213147742,0.04676675796508789,0.1501281923080025,-54.679366709040174,0.13043498498847952,8352.577706672388,-130.16185906623105,0.2961890697479248,0.012640838609000239,-4.604018999930859,0.8260871299901253,8454.429475175762,-28.310090562856203,2.837179660797119,0.0006009294615106583,-0.21886923360000932,7.913045559881504,8459.3879977809,-23.351567957719453,39.66062808036804,1.4781939981450164e-05,-0.0053838463281999545,110.61560932143938
MCQN_K100_I10_T100_alpr1_cs1_ar0.05_sr0.95_nz0.5_gmr0_ccs0_hr0.1_seed1006_data.dat,1006,0,7524.017653851983,0.4364891052246094,227,131,100.0,0.7633587786259541,89.53692260661258,4.414320800599712e-05,7.790520229929523,7540.216047784132,-16.198393932148974,6459.41237193685,-1080.8036758472817,0.04676651954650879,0.141494256246209,-65.72289119368861,0.10714246698653243,7432.135680199408,-108.08036758472372,0.28060030937194824,0.012211823241208772,-5.672289119368585,0.6428575330134676,7519.507408894591,-20.708638889540453,2.7436466217041016,0.0005994463549779713,-0.27843778687465975,6.285716158464644,7523.876708324561,-16.33933945957051,34.99742388725281,1.8732748101591426e-05,-0.008701203836128551,80.17937554075667
MCQN_K100_I10_T100_alpr1_cs1_ar0.05_sr0.95_nz0.5_gmr0_ccs0_hr0.1_seed1007_data.dat,1007,0,8564.370701708123,0.4676671028137207,252,128,100.0,0.78125,81.55082766754272,5.656144713408497e-05,7.195643365263011,8593.66471480438,-29.294013096256094,7347.989158591423,-1245.6755562129565,0.04676675796508789,0.1420281285668892,-41.52321292135147,0.1000001019608083,8464.729175686,-128.9355391183799,0.2650113105773926,0.011634424698857415,-3.4014296946859233,0.5666665647058584,8559.710415139147,-33.95429966523261,2.63452410697937,0.0005441481611774516,-0.15908665547678486,5.633332109803634,8564.257112264599,-29.407602539780783,33.39103579521179,1.3263022757998246e-05,-0.0038775651240220647,71.39915464293834
MCQN_K100_I10_T100_alpr1_cs1_ar0.05_sr0.95_nz0.5_gmr0_ccs0_hr0.1_seed1008_data.dat,1008,0,8054.666686645873,0.576789140701294,308,145,100.0,0.689655172413793,87.87885766857381,1.8154432300425213e-05,7.272145598289232,8071.868978942159,-17.202292296286032,7043.896352613552,-1027.9726263286066,0.04676675796508789,0.12548878474488756,-58.757886252784196,0.08108120397035584,7968.6717082985815,-103.19727064357721,0.2650115489959717,0.010676416752274232,-4.999041805949168,0.45946001804707204,8049.798709918929,-22.07026902323014,2.806001901626587,0.0006043672465075314,-0.2829841885662588,4.864866037898851,8054.531244665541,-17.337734276617994,31.89382004737854,1.681534265800418e-05,-0.007873484417027572,55.295458594453024
MCQN_K100_I10_T100_alpr1_cs1_ar0.05_sr0.95_nz0.5_gmr0_ccs0_hr0.1_seed1009_data.dat,1009,0,8840.67366769096,0.7638561725616455,371,145,100.0,0.6896551724137931,87.4705900284468,4.271267274918517e-06,7.2414146027919415,8864.933474281646,-24.259806590685912,7532.167602602189,-1332.7658716794576,0.031177759170532227,0.14800976874317,-53.93720103239189,0.040816269201537525,8731.181511466504,-133.75196281514218,0.2961888313293457,0.012385046698941646,-4.513315298502572,0.3877547134770877,8834.883888163693,-30.049586117953368,2.759235382080078,0.0006549025272165319,-0.23865728300943384,3.6122446622729876,8840.508351932982,-24.425122348664445,34.06246471405029,1.869945257482971e-05,-0.006814388950734783,44.592772746496784
MCQN_K100_I10_T10000_alpr1_cs1_ar0.05_sr0.95_nz0.5_gmr0_ccs0_hr0.1_seed1000_data.dat,1000,0,62042237.96119389,0.4523594379425049,248,127,10000.0,78.74015748031496,9988.293082851887,9.908325052388268e-06,882.8131964227845,62042261.006909385,-23.045715495944023,61907527.693050414,-134733.313858971,0.04679608345031738,0.002171267068536978,-5845.349786045204,0.10344889378933482,62028787.67552312,-13473.331386268139,0.31197214126586914,0.0002167924000289136,-583.6349786206206,0.6896554268544319,62040913.67377119,-1347.3331381976604,2.5737690925598145,2.1344933165209646e-05,-57.46349784344023,5.689654899798823,62042125.005599506,-136.00130987912416,30.635650396347046,1.8206241118160742e-06,-4.901370686584237,67.72413224246877
MCQN_K100_I10_T10000_alpr1_cs1_ar0.05_sr0.95_nz0.5_gmr0_ccs0_hr0.1_seed1001_data.dat,1001,0,53274827.509497836,0.4523594379425049,244,141,10000.0,70.92198581560284,9987.770017211924,3.6652005959866234e-05,838.1266838501354,53274846.858802415,-19.34930457919836,53165860.42203189,-108986.43677052855,0.04679560661315918,0.0020453766358327994,-5631.576422808258,0.1034478396781166,53263948.215125605,-10898.643676809967,0.3587677478790283,0.00020421078548384238,-562.257642268273,0.7931032665325486,53273756.99443402,-1089.8643683940172,2.5113744735717773,2.0094200466889685e-05,-55.32576426367723,5.551723392783449,53274737.651732594,-109.20706982165575,30.120896577835083,1.6866833632908065e-06,-4.643979057472679,66.58620126250901
MCQN_K100_I10_T10000_alpr1_cs1_ar0.05_sr0.95_nz0.5_gmr0_ccs0_hr0.1_seed1002_data.dat,1002,0,71556771.32045472,0.37436628341674805,207,127,10000.0,78.74015748031496,9973.120157086894,6.31327209005445e-05,881.4618541807467,71556807.32924113,-36.00878641009331,71420785.2765571,-136022.05268402398,0.04679560661315918,0.0019003937906676047,-3776.4683971547797,0.12499952235566543,71543205.12396272,-13602.205278411508,0.32757043838500977,0.00018958648135824257,-376.746839993441,0.8749998407852219,71555447.1086971,-1360.220544025302,2.4489803314208984,1.850575051360204e-05,-36.774684448794154,6.54166905488834,71556669.54666673,-137.78257440030575,29.106987476348877,1.4222803252879592e-06,-2.826359845376103,77.75002388221672
MCQN_K100_I10_T10000_alpr1_cs1_ar0.05_sr0.95_nz0.5_gmr0_ccs0_hr0.1_seed1003_data.dat,1003,0,57477796.49436544,0.43676090240478516,241,130,10000.0,76.92307692307693,9986.513016827943,1.8574701675691483e-05,872.4908312723675,57477817.45124497,-20.956879533827305,57343998.17375129,-133819.27749368548,0.031197309494018555,0.0023278262002835812,-6384.458163162251,0.07142880537668922,57464435.52349672,-13381.927748255432,0.3587679862976074,0.0002324544725724025,-637.5458162631105,0.8214288053766893,57476479.258471675,-1338.192773297429,2.5737688541412354,2.291729979406449e-05,-62.85458155339399,5.892855427237612,57477683.15910515,-134.29213982075453,30.386072874069214,1.9718094151023604e-06,-5.408021747893737,69.57141242900845
MCQN_K100_I10_T10000_alpr1_cs1_ar0.05_sr0.95_nz0.5_gmr0_ccs0_hr0.1_seed1004_data.dat,1004,0,62673543.421195194,0.5615499019622803,289,149,10000.0,67.11409395973155,9977.014107500434,6.499170012034157e-06,814.58906570441,62673567.71803563,-24.29684043675661,62548321.18649709,-125246.53153853863,0.031197309494018555,0.0019980078971528793,-5153.848502402966,0.05555572066703718,62661043.06488301,-12524.653152622283,0.2807750701904297,0.00019945188399796309,-514.4848501896076,0.5000002122861906,62672315.25272113,-1252.4653145000339,2.3085930347442627,1.9596282689960853e-05,-50.54848498759066,4.111109318472168,62673439.58932243,-128.12871319800615,29.543748378753662,1.6567097868306463e-06,-4.273472224979969,52.61108278269833
MCQN_K100_I10_T10000_alpr1_cs1_ar0.05_sr0.95_nz0.5_gmr0_ccs0_hr0.1_seed1005_data.dat,1005,0,59221261.58883336,0.3431692123413086,194,133,10000.0,75.18796992481202,9985.545121731197,4.137149384282771e-05,862.5859588712198,59221284.81535373,-23.226520366966724,59091961.02322233,-129323.7921314016,0.031197071075439453,0.0021833470301385015,-5566.936569410921,0.09090871195173397,59208352.43613966,-12932.379214070737,0.37436628341674805,0.00021798172391751096,-555.7936569811575,1.090908711951734,59219991.577432014,-1293.2379217147827,2.6829590797424316,2.1445193284894267e-05,-54.679365711363914,7.818181186586223,59221154.6534942,-130.16185952723026,30.8072350025177,1.8056916771328466e-06,-4.604018917631302,89.77272405158973
MCQN_K100_I10_T10000_alpr1_cs1_ar0.05_sr0.95_nz0.5_gmr0_ccs0_hr0.1_seed1006_data.dat,1006,0,54002231.49767116,0.42116236686706543,227,131,10000.0,76.33587786259542,9989.53692260661,4.414320800599712e-05,869.4452882091767,54002247.696064815,-16.198393657803535,53894167.32847988,-108080.36758493632,0.031197071075439453,0.0020011056246062495,-6671.289232387489,0.07407373860942902,53991439.65930565,-10808.03675916791,0.3431689739227295,0.000199840600401402,-666.228923280375,0.8148139551866619,54001166.892388396,-1080.80367641896,2.745353937149048,1.9714097977730192e-05,-65.72289235903868,6.518516736362591,54002139.61569701,-108.08036780357361,28.763818502426147,1.701447729057872e-06,-5.672289245884956,68.29626948009123
MCQN_K100_I10_T10000_alpr1_cs1_ar0.05_sr0.95_nz0.5_gmr0_ccs0_hr0.1_seed1007_data.dat,1007,0,61272241.84103442,0.4679579734802246,252,128,10000.0,78.12499999999999,9981.550827667543,5.656144713408497e-05,878.7871702891581,61272271.1350265,-29.293992079794407,61147703.57940469,-124567.55562181026,0.04679584503173828,0.0020325396605013132,-4251.324342906169,0.10000010189743208,61259814.37946428,-12456.755562216043,0.32757091522216797,0.00020282367996878967,-424.23243429181224,0.7000007132820246,61271025.45947142,-1245.6755550801754,2.72975492477417,1.9852081896336987e-05,-41.523243390216614,5.833333503162387,61272142.19948711,-128.9355393871665,30.120896816253662,1.626210243226999e-06,-3.4014328615900755,64.36667077652976
MCQN_K100_I10_T10000_alpr1_cs1_ar0.05_sr0.95_nz0.5_gmr0_ccs0_hr0.1_seed1008_data.dat,1008,0,60364814.58582243,0.5771481990814209,308,145,10000.0,68.96551724137932,9987.878857668575,1.8154432300425213e-05,826.5761677971141,60364831.78811508,-17.202292643487453,60262034.52548221,-102797.26263286918,0.04679560661315918,0.0017026484889488107,-5974.788504666951,0.08108074613702036,60354552.06185506,-10279.726260013878,0.2963731288909912,0.00017000837388111013,-596.5788502764275,0.5135130445918286,60363803.8154912,-1027.9726238772273,2.480177402496338,1.674436239337235e-05,-58.7578849041615,4.297297308462099,60364728.59084019,-103.19727488607168,31.52552843093872,1.4245878635197767e-06,-4.999041931491656,54.62293476981165
MCQN_K100_I10_T10000_alpr1_cs1_ar0.05_sr0.95_nz0.5_gmr0_ccs0_hr0.1_seed1009_data.dat,1009,0,62260546.22375679,0.7799301147460938,371,145,10000.0,68.96551724137932,9987.470590028446,4.271267274918517e-06,826.5421740624253,62260570.48356327,-24.259806476533413,62127293.89639542,-133276.58716784418,0.031197309494018555,0.0021402370432548902,-5492.720129085244,0.04000013450458294,62247242.82485294,-13327.658710323274,0.2963736057281494,0.00021367301944374132,-548.3720126421932,0.3800002078707191,62259237.71769046,-1332.7658728063107,2.5893678665161133,2.1016617194895245e-05,-53.937201337343694,3.3199998532677277,62260436.731599085,-133.7519641816616,29.77944540977478,1.7586122246924525e-06,-4.513315380773556,38.18219715681767
MCQN_K200_I20_T100_alpr1_cs1_ar0.05_sr0.95_nz0.5_gmr0_ccs0_hr0.1_seed1000_data.dat,1000,0,17768.30681839225,4.523855209350586,995,296,100.0,0.33783783783783783,88.56275128486367,1.7855691535542003e-05,5.139014292504565,17820.94951474807,-52.64269635581877,15223.506884469825,-2597.442630278245,0.3275895118713379,0.14322129620635907,-48.34098764094064,0.07241379237651693,17561.052723546487,-259.89679120158326,1.2947583198547363,0.011664256868371529,-3.9369961873705583,0.2862068434857364,17758.8049327423,-62.144582005770644,15.365507364273071,0.0005347659598108878,-0.1804977006824917,3.3965515369531114,17768.000518788554,-52.94899595951574,206.4935700893402,1.7238536391093563e-05,-0.005818463431786477,45.64548610276655
MCQN_K200_I20_T100_alpr1_cs1_ar0.05_sr0.95_nz0.5_gmr0_ccs0_hr0.1_seed1001_data.dat,1001,0,16025.488587697611,2.386723279953003,555,257,100.0,0.38910505836575876,80.69531615355967,4.2890781206346026e-06,5.0331586197634435,16070.588212038794,-45.09962434118279,13599.576682020881,-2471.011530017913,0.15599489212036133,0.15137834284435145,-53.79006901087434,0.06535943795018961,15816.207115229046,-254.38109680974776,1.3415570259094238,0.013059288103654164,-4.64042606841537,0.5620915659463633,16014.443983137167,-56.144228901626775,14.72592806816101,0.0006891898802338337,-0.2448934934998691,6.169935237926275,16025.225964422576,-45.362247616218156,203.73376870155334,1.6387848245511602e-05,-0.005823180988129688,85.36128608322163
MCQN_K200_I20_T100_alpr1_cs1_ar0.05_sr0.95_nz0.5_gmr0_ccs0_hr0.1_seed1002_data.dat,1002,0,16171.547303138761,2.2151288986206055,530,276,100.0,0.36231884057971026,84.69748349291024,4.226550057845829e-06,5.088753970269528,16233.313587130735,-61.76628399197398,13604.838972148018,-2628.474614982717,0.2339925765991211,0.15871754773227956,-41.55516837186232,0.10563384223140777,15962.388437365611,-270.92514976512393,1.4039552211761475,0.012933757163271197,-3.3862951153145047,0.6338029457565254,16161.34717604964,-71.96641108109543,14.8507239818573,0.0006307452773638855,-0.16514069537430606,6.704225650753359,16171.221274673015,-62.092312457720254,208.18066549301147,2.01606228293935e-05,-0.005278421246592088,93.98128732944107
MCQN_K200_I20_T100_alpr1_cs1_ar0.05_sr0.95_nz0.5_gmr0_ccs0_hr0.1_seed1003_data.dat,1003,0,17347.570654378644,2.854708671569824,706,273,100.0,0.3663003663003663,86.93979109649523,1.5400308948847985e-06,5.252235768983087,17391.836782669827,-44.26612829118312,14922.175924655809,-2469.6608580140182,0.2339925765991211,0.1398117798765471,-54.79120996913395,0.08196723502102474,17144.316985023885,-247.51979764594216,1.4351539611816406,0.011716549446850442,-4.591629699750427,0.5027321966246172,17338.445514504423,-53.391268165403744,17.03465437889099,0.0005260183143809462,-0.20614271512962107,5.967212888845682,17347.362713859464,-44.47406881036295,207.55779552459717,1.198672271309315e-05,-0.004697508619050518,72.70717239614495
MCQN_K200_I20_T100_alpr1_cs1_ar0.05_sr0.95_nz0.5_gmr0_ccs0_hr0.1_seed1004_data.dat,1004,0,17695.151245531102,3.2446961402893066,739,260,100.0,0.38461538461538475,79.1543848291608,1.263192345912866e-05,4.9087207556028725,17746.17341750694,-51.02217197583741,15146.601741864868,-2599.5716756420716,0.24959206581115723,0.14402530209002132,-49.949843469485224,0.07692309387987957,17480.75690513412,-265.41651237281985,1.481952428817749,0.012115993665277519,-4.2019838061483,0.45673072754529603,17685.290926410824,-60.8824910961157,19.23418354988098,0.0005572328251655101,-0.1932555737718858,5.927884374456711,17694.891628064855,-51.28178944208412,208.7435998916626,1.4671672631918048e-05,-0.005088326431294543,64.33378993481048
MCQN_K200_I20_T100_alpr1_cs1_ar0.05_sr0.95_nz0.5_gmr0_ccs0_hr0.1_seed1005_data.dat,1005,0,16266.938332424377,3.3694920539855957,728,281,100.0,0.3558718861209964,87.41938250963084,3.249105642421358e-06,5.205562460834874,16298.553686877744,-31.615354453366308,13861.667474956532,-2436.8862119212117,0.20279335975646973,0.14786254231218757,-76.07919946036662,0.060185142599341074,16054.37458601368,-244.179100864063,1.4195544719696045,0.013067225194245684,-6.7234339163976555,0.42129628122745916,16256.115949829646,-42.437737048097915,14.975519895553589,0.0006652992944074603,-0.34231413127741395,4.444444342238419,16266.644647285422,-31.909039592321278,212.25360012054443,1.8054112762545907e-05,-0.009289319826800153,62.99275876596319
MCQN_K200_I20_T100_alpr1_cs1_ar0.05_sr0.95_nz0.5_gmr0_ccs0_hr0.1_seed1006_data.dat,1006,0,17555.146755400685,2.948305368423462,668,276,100.0,0.3623188405797101,83.43369279835099,3.0919146631512173e-06,5.014170412053294,17605.340565461316,-50.19381006063122,15122.185814124412,-2483.154751336904,0.2339925765991211,0.1385896099403324,-48.471334181194784,0.07936510888770087,17352.746224956634,-252.5943405046819,1.4039549827575684,0.011529412614097569,-4.0323802915053175,0.47619049159358307,17545.654753363873,-59.68581209744298,14.757126808166504,0.0005406962510234569,-0.18910702386102918,5.005291163600715,17554.925211542817,-50.41535391849902,199.25880002975464,1.2619880708182881e-05,-0.004413768502534241,67.58417976775034
MCQN_K200_I20_T100_alpr1_cs1_ar0.05_sr0.95_nz0.5_gmr0_ccs0_hr0.1_seed1007_data.dat,1007,0,18308.145477337035,2.4179227352142334,564,267,100.0,0.37453183520599254,78.63315681628778,4.0864489815723225e-06,4.8117471842879835,18375.302553671652,-67.15707633461716,15810.472478035232,-2564.8300756364206,0.2807910442352295,0.13642413986679203,-37.19150885689077,0.1161290392558184,18108.349451590704,-266.95310208094816,1.35715651512146,0.010912958169010126,-2.97505544688733,0.5612902742325274,18298.69472784108,-76.60782583057153,15.069116830825806,0.0005162046318483265,-0.14072604127173466,6.232257388278641,18307.864729066125,-67.43782460552757,206.02920007705688,1.5334610010497e-05,-0.004180471906066164,85.20917441921577
MCQN_K200_I20_T100_alpr1_cs1_ar0.05_sr0.95_nz0.5_gmr0_ccs0_hr0.1_seed1008_data.dat,1008,0,17049.89020925917,3.166698694229126,721,271,100.0,0.36900369003690037,88.49226738021346,4.475726915813613e-06,5.364878906137076,17077.91703486336,-28.02682560418907,14650.41753673063,-2427.499498132729,0.24959182739257812,0.1407324412696496,-85.61343001934188,0.07881767464881487,16834.903097402206,-243.01393746115355,1.357156753540039,0.0126092959672088,-7.670762108172219,0.42857148234951153,17038.84137121086,-39.075663652500225,14.959920644760132,0.0006480298648674544,-0.3942236700063429,4.724137686993251,17049.609465640773,-28.307569222586608,221.7539999485016,1.6466007402503704e-05,-0.01001696097739928,70.0268706816401
MCQN_K200_I20_T100_alpr1_cs1_ar0.05_sr0.95_nz0.5_gmr0_ccs0_hr0.1_seed1009_data.dat,1009,0,18858.590453918878,3.2446959018707275,700,278,100.0,0.3597122302158273,86.39087298326257,4.807510801768569e-07,5.174222284848523,18915.24620444718,-56.65575052830172,16365.9104504911,-2549.33575395608,0.21839308738708496,0.13217742914130634,-43.99694612081061,0.06730772127556563,18650.950219372382,-264.2959850747975,1.357156753540039,0.011010379331046316,-3.6649454399650305,0.41826932155878493,18847.630038671912,-67.61616577526729,14.647930383682251,0.0005811895260012901,-0.19345635958860732,4.5144231776041,18858.231562469093,-57.01464197808673,264.9191999435425,1.9030661419895605e-05,-0.0063345988083897235,81.64685010721759
MCQN_K200_I20_T10000_alpr1_cs1_ar0.05_sr0.95_nz0.5_gmr0_ccs0_hr0.1_seed1000_data.dat,1000,0,126780078.42526862,4.7423999309539795,995,296,10000.0,33.783783783783775,9988.562751284864,1.7855691535542003e-05,579.5896603675866,126780131.06797123,-52.64270260930061,126520386.80494346,-259744.2630277723,0.20280003547668457,0.002048362988497755,-4933.098177966307,0.04276316599808346,126754156.64166617,-25974.42630505562,1.419600009918213,0.00020446259321196185,-492.4098178399109,0.2993421117127603,126777533.62533891,-2597.442632317543,15.053999900817871,2.0072553679703645e-05,-48.34098181841146,3.1743421305654445,126779871.17118704,-259.8967841863632,182.5355999469757,1.634752747839874e-06,-3.9369954676385883,38.49013212815582
MCQN_K200_I20_T10000_alpr1_cs1_ar0.05_sr0.95_nz0.5_gmr0_ccs0_hr0.1_seed1001_data.dat,1001,0,111779808.72641182,2.355599880218506,555,257,10000.0,38.910505836575865,9980.695316153558,4.2890781206346026e-06,621.3616640550101,111779853.8260345,-45.099622681736946,111532752.67303264,-247101.15300185978,0.265200138092041,0.0022102028639525,-5478.007102689646,0.11258284580462834,111755143.71073312,-24710.115301385522,1.341599941253662,0.00022065716482905223,-546.9007102955622,0.5695364278627892,111777382.81450285,-2471.01153165102,13.244400024414062,2.1702594919506944e-05,-53.79007106309238,5.622516852558809,111779599.4449367,-254.38109780848026,178.19879984855652,1.8722654610992672e-06,-4.640426298100531,75.64901040495332
MCQN_K200_I20_T10000_alpr1_cs1_ar0.05_sr0.95_nz0.5_gmr0_ccs0_hr0.1_seed1002_data.dat,1002,0,110289276.72836,2.2619998455047607,530,276,10000.0,36.231884057971016,9984.69748349291,4.226550057845829e-06,599.9150746043072,110289338.49465156,-61.76629155874252,110026491.03315428,-262847.461497277,0.2184000015258789,0.0023826948820505327,-4254.516315841906,0.09655173140701227,110263053.74850282,-26284.746148735285,1.294800043106079,0.00023776545313433463,-424.55163156812336,0.5724138512560981,110286710.02003568,-2628.4746158719063,13.462800025939941,2.32725102607655e-05,-41.55516317297613,5.951724555903206,110289067.5694988,-270.92515274882317,179.4779999256134,1.8964569121731953e-06,-3.3862946262713725,79.3448329725961
MCQN_K200_I20_T10000_alpr1_cs1_ar0.05_sr0.95_nz0.5_gmr0_ccs0_hr0.1_seed1003_data.dat,1003,0,125019038.57189158,3.1043999195098877,706,273,10000.0,36.63003663003662,9986.939791096494,1.5400308949060613e-06,603.3261745476469,125019082.83801971,-44.26612813770771,124772116.75221759,-246966.08580212295,0.265200138092041,0.0019750737367252593,-5578.121016273097,0.0854271823760097,124994386.22943974,-24696.608579978347,1.466400146484375,0.00019718870608386924,-556.9121016220246,0.4723618684785578,125016613.17715786,-2469.660861849785,15.241199970245361,1.940020305241242e-05,-54.79121024922046,4.909547856402338,125018835.31822175,-247.5197979658842,198.18240022659302,1.6257817381254015e-06,-4.591629726364901,63.83919770809729
MCQN_K200_I20_T10000_alpr1_cs1_ar0.05_sr0.95_nz0.5_gmr0_ccs0_hr0.1_seed1004_data.dat,1004,0,125990163.9751842,3.385200023651123,739,260,10000.0,38.46153846153846,9979.15438482916,1.263192345912866e-05,617.6847115105269,125990214.99735384,-51.02216963469982,125730257.82978944,-259957.1675643921,0.28080010414123535,0.002062908223898733,-5093.984580734039,0.08294933893991206,125964219.28061277,-25995.71674107015,1.3727998733520508,0.00020592634974699834,-508.49845777218076,0.4055299136715151,125987615.4256795,-2599.5716743320227,13.587600231170654,2.022816245559694e-05,-49.94984578162807,4.013824925038162,125989949.58084387,-265.4165099710226,199.13400030136108,1.7016752226669949e-06,-4.201983997766232,58.82488447066245
MCQN_K200_I20_T10000_alpr1_cs1_ar0.05_sr0.95_nz0.5_gmr0_ccs0_hr0.1_seed1005_data.dat,1005,0,114735158.25738156,3.4007999897003174,728,281,10000.0,35.587188612099645,9987.419382509634,3.249105644108932e-06,594.7357497457011,114735189.87273699,-31.61535543203354,114491501.25154409,-243688.62119290233,0.2184000015258789,0.0021236472720147616,-7706.9197074593185,0.06422018412941849,114710821.01061721,-24368.86211977899,1.4351999759674072,0.0002121167315580114,-769.7919707613913,0.42201834283523354,114732752.98652199,-2436.8862150013447,13.649999856948853,2.0963677534428002e-05,-76.07919717177133,4.01376143798204,114734945.69364047,-244.17909651994705,179.15039992332458,1.8526469507374221e-06,-6.723433539910108,52.67889921956614
MCQN_K200_I20_T10000_alpr1_cs1_ar0.05_sr0.95_nz0.5_gmr0_ccs0_hr0.1_seed1006_data.dat,1006,0,126886891.38433582,3.0419998168945312,668,276,10000.0,36.231884057971016,9983.433692798351,3.0919146631512173e-06,599.8388783498144,126886941.57814212,-50.19380630552769,126638626.10300855,-248315.47513356805,0.23400020599365234,0.0019565873087336967,-4946.13378822243,0.07692314926979016,126862110.0306317,-24831.547510415316,1.3728001117706299,0.00019530270963174565,-493.7133787636403,0.4512821151883146,126884458.42339343,-2483.1547486931086,13.259999990463257,1.9174249726224515e-05,-48.471337829576925,4.358974618216748,126886688.98380058,-252.59434154629707,195.42119979858398,1.5951256511415783e-06,-4.032380688740069,64.24102944163964
MCQN_K200_I20_T10000_alpr1_cs1_ar0.05_sr0.95_nz0.5_gmr0_ccs0_hr0.1_seed1007_data.dat,1007,0,132969322.88203722,2.417999744415283,564,267,10000.0,37.45318352059926,9978.63315681629,4.0864489815723225e-06,609.5329579109359,132969390.03911686,-67.15707963705063,132712907.0315535,-256483.00756335258,0.312000036239624,0.0019283835167844918,-3818.150697878927,0.12903228669077935,132943741.73837094,-25648.300745919347,1.341599941253662,0.00019238380035202876,-380.91506963279494,0.5548387440289352,132966825.20904227,-2564.830074593425,13.852799892425537,1.8783828787126838e-05,-37.191506963301684,5.729032819139276,132969123.08601901,-266.9530978500843,198.01079988479614,1.5025722766918297e-06,-2.9750551884154,81.89033118888058
MCQN_K200_I20_T10000_alpr1_cs1_ar0.05_sr0.95_nz0.5_gmr0_ccs0_hr0.1_seed1008_data.dat,1008,0,122714652.2587754,3.2604000568389893,721,271,10000.0,36.900369003690045,9988.492267380214,4.475726915813613e-06,605.634612746133,122714680.28560694,-28.026831537485123,122471930.33579348,-242749.94981345534,0.2184000015258789,0.0019779375853999593,-8660.341168329496,0.06698564523324824,122690405.29062356,-24274.994983375072,1.341599941253662,0.00019758820732105096,-865.1341169053636,0.41148322839693635,122712252.78611131,-2427.499495625496,13.493999719619751,1.955326947452131e-05,-85.61341159377154,4.1387558227141,122714437.27167165,-243.01393528282642,181.4591999053955,1.7519269279432557e-06,-7.67076019484407,55.655501393078474
MCQN_K200_I20_T10000_alpr1_cs1_ar0.05_sr0.95_nz0.5_gmr0_ccs0_hr0.1_seed1009_data.dat,1009,0,138675557.4603705,3.2760000228881836,700,278,10000.0,35.97122302158273,9986.390872983262,4.807510801768569e-07,597.8628178178031,138675614.11614108,-56.65577057003975,138420680.54074523,-254933.57539585233,0.32760000228881836,0.0018379368671232405,-4498.6930203375305,0.1,138650120.75860095,-25493.357540130615,1.2636001110076904,0.00018342599254976606,-448.9693020433793,0.3857143169045758,138673064.78038317,-2549.3357579112053,14.86680006980896,1.7974905116595634e-05,-43.996930273141935,4.5380952276984745,138675349.82015303,-264.2959880530834,194.51640009880066,1.4973094126005678e-06,-3.6649438423285043,59.37619009151023
MCQN_K400_I40_T100_alpr1_cs1_ar0.05_sr0.95_nz0.5_gmr0_ccs0_hr0.1_seed1000_data.dat,1000,0,34254.38457631078,28.017600059509277,1828,551,100.0,0.18148820326678766,76.72424531171733,9.4527970457631e-07,3.2700147707039253,34354.760825737896,-100.37624942711409,29299.282663519007,-5055.478162218889,0.8736000061035156,0.14465599000189197,-49.36528253518586,0.031180401042487312,33834.248162566466,-520.5126631714302,10.077600002288818,0.012265186455425877,-4.1856157820420306,0.3596881953088071,34235.08558013175,-119.67524560614402,131.86680030822754,0.0005634022160297834,-0.19226655995991812,4.706570156906478,34253.829974987275,-100.93085075062118,1741.8492002487183,1.6190666694698996e-05,-0.005525224609132232,62.16982170310937
MCQN_K400_I40_T100_alpr1_cs1_ar0.05_sr0.95_nz0.5_gmr0_ccs0_hr0.1_seed1001_data.dat,1001,0,37626.803512277045,47.86080002784729,2932,570,100.0,0.17543859649122806,82.9349726898615,1.8113942939730116e-08,3.472123070765473,37731.03124338659,-104.22773110954586,32492.17636843485,-5238.8548749517395,0.842400074005127,0.13646195436630285,-49.26354137408572,0.017601044560788485,37202.68360176054,-528.3476416260528,9.67199993133545,0.011271749681795935,-4.069165720116719,0.20208604799142305,37608.89878093763,-122.13246244896436,119.3555998802185,0.000475850448831681,-0.17178471745297996,2.4938070364635094,37626.37902399967,-104.65221938692412,1952.2544000148773,1.1281539693898134e-05,-0.004072699970146254,40.790258392650756
MCQN_K400_I40_T100_alpr1_cs1_ar0.05_sr0.95_nz0.5_gmr0_ccs0_hr0.1_seed1002_data.dat,1002,0,33111.211349312114,28.719600200653076,1979,552,100.0,0.18115942028985502,79.80674389876016,2.073285607777548e-06,3.395512376762795,33218.21035533099,-106.9990060188793,28348.307969441383,-4869.902385889611,0.8267998695373535,0.1438456397630309,-44.51352921007834,0.028788697048733717,32716.46011592386,-501.75023940713436,9.64079999923706,0.011921981024003098,-3.6892981353359833,0.3356871241897661,33092.57919041409,-125.63116491690016,129.7920000553131,0.0005627145048079899,-0.17413394377451819,4.519282968721886,33110.730151689946,-107.48020364104741,1696.9212000370026,1.4532770096860488e-05,-0.004497215816034837,59.08582251080274
MCQN_K400_I40_T100_alpr1_cs1_ar0.05_sr0.95_nz0.5_gmr0_ccs0_hr0.1_seed1003_data.dat,1003,0,34719.59778039716,27.003599882125854,1919,555,100.0,0.18018018018018017,71.10859719175492,2.225350953111346e-06,3.023632910817105,34838.965952723964,-119.36817232680187,29971.93415295447,-4867.031799769495,0.8112001419067383,0.13674304804657744,-39.77327904832715,0.030040444438805568,34329.26547988768,-509.7004728362808,9.56279993057251,0.011242420000898232,-3.269986403417833,0.35413055934450766,34700.63579161184,-138.33016111212055,126.15719985961914,0.0005461465569173357,-0.15885297073498983,4.671865988620456,34719.100123689,-119.8658290349631,1768.3140001296997,1.4333596584526373e-05,-0.0041690904573688506,65.48438015111374
MCQN_K400_I40_T100_alpr1_cs1_ar0.05_sr0.95_nz0.5_gmr0_ccs0_hr0.1_seed1004_data.dat,1004,0,35948.90542521035,26.06760001182556,1851,539,100.0,0.18552875695732837,81.56373861747535,3.6102580859515874e-07,3.5130945711205506,36031.63316774038,-82.72774253002717,30918.3561601453,-5113.277007595079,0.842400074005127,0.13993609000226231,-60.80849194258075,0.03231598128032394,35514.38424413507,-517.2489236053079,9.500399827957153,0.01208718807807034,-5.252424009002365,0.36445241693317754,35927.930424369464,-103.70274337091541,116.70360016822815,0.0005834670233430483,-0.25354252635716584,4.476959908671515,35948.35622132674,-83.27694641363632,1851.7667999267578,1.5277346475868083e-05,-0.0066386905627191664,71.0371034957842
MCQN_K400_I40_T100_alpr1_cs1_ar0.05_sr0.95_nz0.5_gmr0_ccs0_hr0.1_seed1005_data.dat,1005,0,34967.76513479939,20.857199907302856,1502,537,100.0,0.18621973929236502,80.97923130075768,8.078388514323663e-07,3.492419784586543,35072.60009007708,-104.83495527769264,29904.910169027306,-5167.689921049776,0.8111999034881592,0.144786346689729,-48.29357681663823,0.03889303967423397,34547.19376996027,-525.4063201168101,9.703200101852417,0.012027401900516977,-4.011747453176135,0.4652206501820495,34947.982094410065,-124.61799566701666,116.26679992675781,0.000565750779698421,-0.18870652767411022,5.574420365317044,34967.27589290308,-105.32419717399898,1728.7296001911163,1.3991225759505376e-05,-0.004666782133978196,82.88406918830105
MCQN_K400_I40_T100_alpr1_cs1_ar0.05_sr0.95_nz0.5_gmr0_ccs0_hr0.1_seed1006_data.dat,1006,0,34563.0151230912,25.443600177764893,1779,560,100.0,0.17857142857142858,81.53604295959066,8.301451166505697e-06,3.4437373643723594,34673.632364572506,-110.61724148130452,29829.019057363785,-4844.613307208721,0.8736000061035156,0.13696710338689988,-42.79618622136326,0.034334763948497854,34175.53028823758,-498.10207633492246,9.64079999923706,0.01121096737288823,-3.5029334456790533,0.37890864232578747,34544.4704510888,-129.1619134837092,152.13119983673096,0.0005365467085658042,-0.16764721081513265,5.979153845125977,34562.508003224764,-111.1243613477418,2199.3972001075745,1.4672327186480818e-05,-0.004584455909822948,86.44205948612661
MCQN_K400_I40_T100_alpr1_cs1_ar0.05_sr0.95_nz0.5_gmr0_ccs0_hr0.1_seed1007_data.dat,1007,0,36383.798440893166,33.18119978904724,2133,529,100.0,0.18903591682419663,84.34754561669367,4.567349597787077e-07,3.6638488971205723,36486.86456858965,-103.066127696482,31437.915912093682,-5048.948656495966,0.8579998016357422,0.13593639863727408,-47.98746823364262,0.025858010171137896,35974.714826675336,-512.1497419143125,9.672000169754028,0.01124356531609535,-3.9691373233943077,0.29149036898137276,36364.16490764013,-122.69966094951815,130.94640016555786,0.000539622966660052,-0.19049452707541964,3.946403415128523,36383.27426915576,-103.59029943389032,1995.754800081253,1.440673486194302e-05,-0.005085780839190444,60.14715600308191
MCQN_K400_I40_T100_alpr1_cs1_ar0.05_sr0.95_nz0.5_gmr0_ccs0_hr0.1_seed1008_data.dat,1008,0,34529.502088293484,28.92239999771118,1933,555,100.0,0.18018018018018023,79.25369194277121,2.737931458708894e-06,3.362736430633361,34639.76723960641,-110.26515131292399,29577.734358120917,-5062.032881485491,0.8267998695373535,0.1434068674813403,-44.90782147588799,0.028586834757931,34116.036315589066,-523.7309240173417,9.952800035476685,0.011974275552748118,-3.749741126559867,0.34412082110282394,34510.93159937503,-128.83564023138024,138.87120008468628,0.0005378151376457927,-0.16841666380844691,4.801510251420217,34529.058195718855,-110.70904388755298,1810.770000219345,1.2855458311965707e-05,-0.004025683267501776,62.607874877694904
MCQN_K400_I40_T100_alpr1_cs1_ar0.05_sr0.95_nz0.5_gmr0_ccs0_hr0.1_seed1009_data.dat,1009,0,34030.961930239355,20.077200174331665,1410,538,100.0,0.18587360594795538,74.60617573003812,4.1246568322237225e-07,3.2186685212994446,34121.17252868412,-90.21059844476258,29358.07341460127,-4763.099114082848,0.8423998355865479,0.13731285425363876,-51.799772933546954,0.04195803340465473,33633.72300544851,-487.44952323560574,9.625200271606445,0.011672867949050337,-4.403461806475866,0.4794094887748387,34010.68747156697,-110.48505711714824,115.48680019378662,0.0005957650775181324,-0.22474586159407914,5.75213671184264,34030.42105973144,-90.75146895267972,1962.0899999141693,1.5893482794458578e-05,-0.005995642610089965,97.72727187442528
MCQN_K400_I40_T10000_alpr1_cs1_ar0.05_sr0.95_nz0.5_gmr0_ccs0_hr0.1_seed1000_data.dat,1000,0,243449040.2692087,34.17960023880005,1828,551,10000.0,18.148820326678774,9976.72424531172,9.4527970457631e-07,424.6351307557639,243449140.64544374,-100.37623503804207,242943592.82922298,-505547.81622076035,0.9203999042510986,0.002076194013444427,-5035.528975500629,0.026928340232788263,243398585.86381823,-50554.78162550926,9.516000032424927,0.0002072483232411932,-502.6528975842665,0.27841168316598797,243444085.16727751,-5055.478166222572,123.08400011062622,2.035375422184915e-05,-49.36528979500549,3.601095368309883,243448620.1327773,-520.5126664340496,1514.9160001277924,1.725767458074248e-06,-4.185616557911123,44.32222698754937
MCQN_K400_I40_T10000_alpr1_cs1_ar0.05_sr0.95_nz0.5_gmr0_ccs0_hr0.1_seed1001_data.dat,1001,0,273580881.68209445,55.8167998790741,2932,570,10000.0,17.543859649122812,9982.934972689865,1.8113942939730116e-08,417.7709502566165,273580985.90982246,-104.22772800922394,273057100.42233074,-523885.4874917269,0.8736000061035156,0.0019145389712295767,-5025.354286887689,0.015651201931965848,273528597.3610034,-52388.548819065094,10.311599969863892,0.00019111101905070664,-501.635429359343,0.1847400781163333,273575747.0549537,-5238.854868769646,107.04719996452332,1.8768223529328867e-05,-49.26354280989429,1.9178311941286277,273580457.56218034,-528.3476421236992,1484.277599811554,1.5502542118689042e-06,-4.069165875676974,26.591950864743403
MCQN_K400_I40_T10000_alpr1_cs1_ar0.05_sr0.95_nz0.5_gmr0_ccs0_hr0.1_seed1002_data.dat,1002,0,235757929.31368676,35.80200004577637,1979,552,10000.0,18.115942028985508,9979.80674389876,2.073285607777548e-06,424.38232291012065,235758036.31269658,-106.99900981783867,235271046.07411,-486990.2385865748,0.8268001079559326,0.0020651828805678743,-4550.352759391468,0.023093684903044177,235709337.28883374,-48699.023862838745,9.15720009803772,0.0002061098220300662,-454.1352759782244,0.25577342289060223,235753166.41031158,-4869.902384996414,111.25920009613037,2.0202516153089017e-05,-44.51352758578999,3.107625271042807,235757534.5624599,-501.7502366900444,1511.9363996982574,1.6743921530926373e-06,-3.6892979434506277,42.23050102690069
MCQN_K400_I40_T10000_alpr1_cs1_ar0.05_sr0.95_nz0.5_gmr0_ccs0_hr0.1_seed1003_data.dat,1003,0,252022310.52365148,32.47919988632202,1919,555,10000.0,18.018018018018015,9971.108597191753,2.225350953111346e-06,422.86637096527187,252022429.89180326,-119.36815178394318,251535726.7118266,-486703.17997667193,0.9672000408172607,0.0019307172083847064,-4076.328606524851,0.02977905995844984,251973759.5738072,-48670.31799605489,9.18839979171753,0.00019264544374421403,-406.7328606389781,0.2829010512536377,252017562.85999754,-4867.031805723906,110.93159985542297,1.883826731083957e-05,-39.773286115154505,3.4154659056776717,252021920.1913322,-509.70047107338905,1474.1958293914795,1.5488006537136103e-06,-3.269987123499649,45.38892074161926
MCQN_K400_I40_T10000_alpr1_cs1_ar0.05_sr0.95_nz0.5_gmr0_ccs0_hr0.1_seed1004_data.dat,1004,0,259073364.1979334,33.196799993515015,1851,539,10000.0,18.55287569573284,9981.563738617477,3.6102580859515874e-07,429.5359364724948,259073446.92702183,-82.72908842563629,258562119.22626418,-511327.7007576525,0.88919997215271,0.0019733598367087752,-6179.748639787998,0.026785713452092217,259022314.1569445,-51132.77007731795,9.110399961471558,0.0001970485894871455,-617.0748639975683,0.2744360891185678,259068333.65001357,-5113.277008265257,127.14000010490417,1.9417464761048363e-05,-60.80748640620513,3.829887221953349,259072929.6780978,-517.2489240169525,1498.64910531044,1.6772076779739534e-06,-5.252322295100573,45.144384567283616
MCQN_K400_I40_T10000_alpr1_cs1_ar0.05_sr0.95_nz0.5_gmr0_ccs0_hr0.1_seed1005_data.dat,1005,0,248405635.62903637,27.034800052642822,1502,537,10000.0,18.621973929236503,9980.97923130076,8.078388514323663e-07,430.3083158000454,248405740.4639846,-104.83494824171066,247888971.47187975,-516768.99210485816,0.9515998363494873,0.002079921237890881,-4928.3580124957925,0.03519907062365946,248354063.56477475,-51676.89920985699,9.438000202178955,0.00020761229563499874,-491.935801243581,0.34910560402892016,248400572.77405852,-5167.689926087856,127.12440013885498,2.0381401432481606e-05,-48.29358017302658,4.702250428755354,248405215.05765742,-525.406327188015,1501.1412000656128,1.693083081151897e-06,-4.011747856989657,55.52625494335279
MCQN_K400_I40_T10000_alpr1_cs1_ar0.05_sr0.95_nz0.5_gmr0_ccs0_hr0.1_seed1006_data.dat,1006,0,250812869.545763,31.293599843978882,1779,560,10000.0,17.857142857142854,9981.53604295959,8.301451166505697e-06,421.41873751122523,250812980.16299102,-110.61722803115845,250328518.83227164,-484461.33071938157,0.842400074005127,0.0019311238469084076,-4378.6191546484915,0.02691924477225687,250764534.0299149,-48446.133076131344,9.282000064849854,0.00019271545330045735,-436.9619155027563,0.29661017304264464,250808135.5496845,-4844.613306522369,122.70959997177124,1.8874613918595003e-05,-42.79619154041492,3.9212363097747436,250812482.06091636,-498.10207465291023,1498.9104001522064,1.5449161254105894e-06,-3.5029339779930644,47.89830532841711
MCQN_K400_I40_T10000_alpr1_cs1_ar0.05_sr0.95_nz0.5_gmr0_ccs0_hr0.1_seed1007_data.dat,1007,0,264899359.2211321,40.34159994125366,2133,529,10000.0,18.90359168241966,9984.347545616694,4.567349597787077e-07,433.6902921630685,264899462.2872769,-103.06614479422569,264394567.4216267,-504894.8656502068,0.9047999382019043,0.0019055984166576395,-4897.746010712275,0.022428459444332752,264848972.80071294,-50489.48656395078,10.264800071716309,0.0001902096727123265,-488.8746010608467,0.2544470245767183,264894413.3386194,-5048.9486574828625,116.9844000339508,1.8670798325940547e-05,-47.987460116638914,2.8998453260234127,264898950.13753116,-512.1497457325459,1477.5072000026703,1.544298189852646e-06,-3.969136536105687,36.624903378999576
MCQN_K400_I40_T10000_alpr1_cs1_ar0.05_sr0.95_nz0.5_gmr0_ccs0_hr0.1_seed1008_data.dat,1008,0,246169311.07749075,35.802000284194946,1933,555,10000.0,18.01801801801802,9979.253691942771,2.737931458708894e-06,423.21237587332723,246169421.34265482,-110.26516407728195,245663218.05450737,-506203.2881474495,0.935999870300293,0.0020558737430274605,-4589.78161614728,0.026143787019450332,246118801.01383907,-50620.32881575823,9.203999996185303,0.00020518424262795724,-458.07816162391754,0.25708060787454035,246164359.30977222,-5062.032882601023,122.30400013923645,2.0115292588055346e-05,-44.90781617168934,3.416121981129318,246168897.6117288,-523.7309260368347,1530.172800064087,1.6795991350416517e-06,-3.749740595042016,42.7398689435683
MCQN_K400_I40_T10000_alpr1_cs1_ar0.05_sr0.95_nz0.5_gmr0_ccs0_hr0.1_seed1009_data.dat,1009,0,246902272.6174094,24.632400035858154,1410,538,10000.0,18.587360594795534,9974.606175730038,4.1246568322237225e-07,429.63397763180393,246902362.82799906,-90.21058964729309,246426052.9165913,-476309.9114077687,0.8736000061035156,0.0019287781184422462,-5278.977808260132,0.03546548468000637,246854731.83685857,-47630.99114048481,10.171200037002563,0.00019254897918458995,-526.9977808227757,0.41291957024877923,246897599.72888678,-4763.099112272263,122.99040007591248,1.892606525281322e-05,-51.799778062587876,4.9930335613611145,246901875.37847447,-487.44952458143234,1500.9695999622345,1.6088913671106057e-06,-4.403462348348135,60.93476875080082
MCQN_K800_I80_T100_alpr1_cs1_ar0.05_sr0.95_nz0.5_gmr0_ccs0_hr0.1_seed1000_data.dat,1000,0,71903.87187921489,578.4635999202728,7500,1087,100.0,0.09199632014719414,83.25851305697356,1.5453041116668815e-08,2.5245759650802184,72097.74390378865,-193.87202457376407,61696.36640722098,-10401.377496567671,4.664400100708008,0.14196044253556492,-52.65073955066774,0.008063428885328103,71046.92896713383,-1050.8149366548168,78.3899998664856,0.011917896626214473,-4.420147331545531,0.13551414449809765,71864.18699585398,-233.5569079346751,990.6935999393463,0.0005519158054182987,-0.20469628585227784,1.7126291093785146
MCQN_K800_I80_T100_alpr1_cs1_ar0.05_sr0.95_nz0.5_gmr0_ccs0_hr0.1_seed1001_data.dat,1001,0,72635.79881645567,427.14359998703003,5992,1101,100.0,0.09082652134423248,80.07561090829806,1.075101461799983e-06,2.413683687350236,72822.59644413902,-186.79762768335058,62324.30731487015,-10498.289129268873,4.913999795913696,0.1419615626124215,-55.201405014977034,0.011504327341116448,71760.1706889926,-1062.4257551464252,75.67560005187988,0.012055049186912786,-4.687576273438509,0.17716664853266614,72594.99848801631,-227.5979561227141,994.5155999660492,0.0005617110172142854,-0.2184199496822629,2.3282933420897494
MCQN_K800_I80_T100_alpr1_cs1_ar0.05_sr0.95_nz0.5_gmr0_ccs0_hr0.1_seed1002_data.dat,1002,0,72644.23041893641,388.09680008888245,5904,1057,100.0,0.0946073793755913,74.36555673401593,3.3195945092594956e-07,2.2904996605619066,72852.32516147546,-208.09474253904773,62389.91833357561,-10462.406827899846,4.617599964141846,0.1411579698239569,-49.277131945977146,0.011898062450100895,71781.24391378817,-1071.0812476872816,77.18879985809326,0.011879628983216213,-4.1470846145298434,0.19889058564877468,72603.7537406886,-248.57142078685865,989.2428002357483,0.0005571905437552786,-0.19451081634230002,2.5489589195509743
MCQN_K800_I80_T100_alpr1_cs1_ar0.05_sr0.95_nz0.5_gmr0_ccs0_hr0.1_seed1003_data.dat,1003,0,69858.47666116753,444.27240014076233,6160,1102,100.0,0.09074410163339383,81.7710694535746,2.795442466245708e-07,2.4625563820235605,70049.29345487323,-190.81679370570055,59996.95422406365,-10052.339230809579,4.617599964141846,0.14116429255872448,-51.68057929069621,0.010393623287601964,69021.89653279343,-1027.3969220798026,75.31680011749268,0.011975356010577521,-4.384205981703956,0.16952842466385365,69817.72352079778,-231.56993407545087,879.9803998470306,0.0005833671490922148,-0.21357208439737477,1.980722636761184
MCQN_K800_I80_T100_alpr1_cs1_ar0.05_sr0.95_nz0.5_gmr0_ccs0_hr0.1_seed1004_data.dat,1004,0,70279.06707489747,470.3712000846863,6484,1112,100.0,0.08992805755395683,81.08449409547617,1.1170451926617949e-07,2.4311491446848557,70479.7040136326,-200.63693873512966,60225.10425252176,-10254.599761110832,5.007599830627441,0.14305771605734383,-50.11022838445724,0.01064605960085538,69444.94492935165,-1034.759084280944,75.78480005264282,0.01186871397505715,-4.1573707753136055,0.1611170072466138,70239.8131957617,-239.89081787089526,1119.1440000534058,0.0005585429740257102,-0.19564632207425428,2.3792783228478136
MCQN_K800_I80_T100_alpr1_cs1_ar0.05_sr0.95_nz0.5_gmr0_ccs0_hr0.1_seed1005_data.dat,1005,0,69071.9997266023,464.5212001800537,6353,1084,100.0,0.09225092250922508,79.41640878640543,4.270544682863057e-06,2.412215359381156,69266.06649834279,-194.06677174048673,59424.610959323676,-9841.455539019109,4.617600202560425,0.13967148490653933,-49.71169809625868,0.009940558581116622,68255.09965395031,-1010.9668443924747,74.92679977416992,0.011826790535751178,-4.209376315819676,0.16129898860402375,69030.44410447462,-235.6223938681651,978.7284002304077,0.0006016276102061901,-0.2141305374175445,2.1069617486802357
MCQN_K800_I80_T100_alpr1_cs1_ar0.05_sr0.95_nz0.5_gmr0_ccs0_hr0.1_seed1006_data.dat,1006,0,73986.75790353472,468.5771999359131,6249,1080,100.0,0.09259259259259257,80.78944061602033,4.142498355635698e-07,2.457719364034084,74188.2759732854,-201.51806975068757,63593.283100893896,-10594.992872391507,4.617599964141846,0.14047750026014144,-51.57589498301235,0.009854512692408831,73110.47636290955,-1077.7996103758487,75.26999998092651,0.01184376184948762,-4.3484018168160885,0.16063521654749982,73945.053196917,-243.2227763684059,892.8035998344421,0.0005636779850807043,-0.20695268999605945,1.9053500681564322
MCQN_K800_I80_Tadpt_alpr1_cs1_ar0.05_sr0.95_nz0.5_gmr0_ccs0_hr0.1_seed1007_data.dat,1007,1,106.14469241120014,201.19319987297058,3883,718,0.9435321843344904,0.001314111677346087,0.014788963984833542,-2.5478464394150823e-16,0.0018413149754963364,185.13919617185636,-78.99450376065622,73.07384235452528,-112.06535381733107,3.15120005607605,0.31156385972234724,-0.4186474815624582,0.015662557472447654,105.22900295758487,-79.91019321427149,70.62120008468628,0.008626803967436534,-0.01159181221505866,0.35101186386654776,106.12368366872974,-79.01551250312662,1380.0072000026703,0.0001979255108584513,-0.00026595195197445527,6.859114527101212
MCQN_K800_I80_Tadpt_alpr1_cs1_ar0.05_sr0.95_nz0.5_gmr0_ccs0_hr0.1_seed1008_data.dat,1008,0,68825.66888056198,399.7967998981476,5561,1095,100.0,0.09132420091324202,85.43138703752614,1.599715372051155e-06,2.580675450063066,69023.39652976036,-197.72764919837937,59078.58272582055,-9944.813803939804,4.711199998855591,0.14161992630476614,-49.295514280667,0.011783986265162248,68018.50964056159,-1004.8868891987659,74.88000011444092,0.011727590201863591,-4.082176889639581,0.18729514626809765,68787.03188278135,-236.364646979011,970.6475999355316,0.000561374824379566,-0.19540513396721415,2.4278523494505566
MCQN_K800_I80_Tadpt_alpr1_cs1_ar0.05_sr0.95_nz0.5_gmr0_ccs0_hr0.1_seed1009_data.dat,1009,0,68480.55993429944,633.4223999977112,8546,1123,100.0,0.08904719501335709,82.31035819543152,1.049685967772004e-06,2.455695075040615,68647.00341750131,-166.4434832018742,58944.10906649451,-9702.894351006806,4.6020002365112305,0.13925778172599998,-57.295429561747774,0.007265294433111079,67667.230696237,-979.7727212643076,75.26999998092651,0.011876790126172234,-4.8865189697813,0.11883065704843797,68441.08303289842,-205.92038460289768,865.5192000865936,0.000576468729795694,-0.23717901501221994,1.366417101905018
MCQN_K800_I80_T10000_alpr1_cs1_ar0.05_sr0.95_nz0.5_gmr0_ccs0_hr0.1_seed1000_data.dat,1000,0,515029970.7335931,576.6539998054504,7500,1087,10000.0,9.199632014719409,9983.258513056971,1.5453041550070964e-08,302.6613924916332,515030164.60584754,-193.8722544312477,513990026.8561909,-1040137.7496566176,4.477200031280518,0.002019190991780385,-5364.067594164065,0.0077641012336531435,514926150.83084965,-104013.77499789,75.0828001499176,0.0002015803130749475,-535.5067595826408,0.1302042475648288,515019763.2283242,-10401.377523362637,831.6515998840332,1.9819245187599717e-05,-52.650676079857746,1.4422020833369975
MCQN_K800_I80_T10000_alpr1_cs1_ar0.05_sr0.95_nz0.5_gmr0_ccs0_hr0.1_seed1001_data.dat,1001,0,520359652.8841989,428.8283998966217,5992,1101,10000.0,9.082652134423252,9980.075610908296,1.0751014618001334e-06,300.6367658427413,520359839.68186677,-186.7976678609848,519310010.7689399,-1049828.9129268527,4.726800203323364,0.002017147389197332,-5619.139292681842,0.011022591331317751,520254856.79056454,-104982.89130222797,74.31839990615845,0.00020139165873740093,-561.0139293192699,0.17330568573367458,520349341.3927189,-10498.289147853851,925.079999923706,1.9816085706951594e-05,-55.20139302631283,2.1572265273165594
MCQN_K800_I80_T10000_alpr1_cs1_ar0.05_sr0.95_nz0.5_gmr0_ccs0_hr0.1_seed1002_data.dat,1002,0,521367388.3275329,390.48359990119934,5904,1057,10000.0,9.460737937559129,9974.365556734014,3.3195945092581636e-07,306.6487849800659,521367596.4223376,-208.0948047041893,520321355.7395472,-1046240.6827903986,4.555199861526489,0.0020063253118711693,-5026.711692647251,0.011665534385257286,521262972.3539804,-104624.06835716963,73.85040020942688,0.00020027331185292575,-501.7711696401778,0.18912548498352455,521357134.01532257,-10462.407015025616,917.2219750881195,1.966811204516588e-05,-49.27711782568587,2.3489385349863507
MCQN_K800_I80_T10000_alpr1_cs1_ar0.05_sr0.95_nz0.5_gmr0_ccs0_hr0.1_seed1003_data.dat,1003,0,501456426.9617514,444.1944000720978,6160,1102,10000.0,9.074410163339383,9981.771069453576,2.7954424675521396e-07,300.55154212291507,501456617.7787024,-190.8169509768486,500451383.8556216,-1005233.923080802,4.617599964141846,0.002004248130229837,-5267.053587140509,0.0103954483969009,501356094.38637596,-100523.39232641459,72.35279989242554,0.00020008234012142915,-525.8053588101345,0.16288543907956035,501446565.43944395,-10052.339258432388,937.6746249198914,1.966576112545812e-05,-51.68053601617404,2.110955529308105
MCQN_K800_I80_T10000_alpr1_cs1_ar0.05_sr0.95_nz0.5_gmr0_ccs0_hr0.1_seed1004_data.dat,1004,0,501755764.2294065,472.5395998954773,6484,1112,10000.0,8.992805755395684,9981.084494095476,1.1170451927347312e-07,299.1777195827671,501755964.8663307,-200.63692420721054,500730504.8902202,-1025459.9761104584,4.523999929428101,0.002043343419802737,-5110.023208526664,0.009573800651688832,501653418.868713,-102545.99761766195,73.8503999710083,0.00020397445926831782,-510.102320885642,0.15628404473898808,501745710.2665643,-10254.599766373634,807.2001795768738,2.0037563210872604e-05,-50.11023211152826,1.7082170039408786
MCQN_K800_I80_T10000_alpr1_cs1_ar0.05_sr0.95_nz0.5_gmr0_ccs0_hr0.1_seed1005_data.dat,1005,0,497799651.24406874,464.7239999771118,6353,1084,10000.0,9.225092250922511,9979.416408786408,4.270544682849601e-06,302.9627849061062,497799845.31085,-194.06678128242493,496815699.7569481,-984145.5539019108,4.633200168609619,0.001976601399100221,-5070.169560284952,0.009969788882945167,497701430.7550744,-98414.5557756424,72.15000009536743,0.00019730927643057537,-506.11695801467397,0.15525344096478963,497790003.85471267,-9841.456137359142,812.7444000244141,1.938006451383922e-05,-49.711698686015175,1.748875461702952
MCQN_K800_I80_T10000_alpr1_cs1_ar0.05_sr0.95_nz0.5_gmr0_ccs0_hr0.1_seed1006_data.dat,1006,0,532101699.34128547,471.16680002212524,6249,1080,10000.0,9.259259259259258,9980.789440616021,4.142498355301754e-07,303.5645809715907,532101900.8595016,-201.51821613311768,531042401.5722631,-1059499.2872384787,4.461600065231323,0.0019907806540247885,-5256.585679195379,0.009469258158728105,531995950.93076694,-105949.92873466015,73.1016001701355,0.00019873721630552603,-524.758567973192,0.15515015100109508,532091305.86660916,-10594.992892444134,930.1812002658844,1.9532872548946194e-05,-51.5758568914949,1.974207860617948
MCQN_K800_I80_Tadpt_alpr1_cs1_ar0.05_sr0.95_nz0.5_gmr0_ccs0_hr0.1_seed1007_data.dat,1007,1,106.14469241120014,202.2383999824524,3883,718,0.9435321843344904,0.001314111677346087,0.014788963984833542,-2.5478464394150823e-16,0.0018413149754963364,185.13919617185636,-78.99450376065622,73.07384235452528,-112.06535381733107,3.166799783706665,0.31156385972234724,-0.4186474815624582,0.01565874623207778,105.22900295758487,-79.91019321427149,70.57439994812012,0.008626803967436534,-0.01159181221505866,0.34896636817856375,106.12368366872974,-79.01551250312662,1371.2711999416351,0.0001979255108584513,-0.00026595195197445527,6.780468991351871
MCQN_K800_I80_Tadpt_alpr1_cs1_ar0.05_sr0.95_nz0.5_gmr0_ccs0_hr0.1_seed1008_data.dat,1008,0,493326454.25203836,396.97320008277893,5561,1095,10000.0,9.1324200913242,9985.431387037526,1.599715372038796e-06,301.6204621187801,493326651.9795952,-197.72755682468414,492332170.5992016,-994481.3803935647,4.914000034332275,0.0020154679406849015,-5028.553777753524,0.012378669475187702,493227203.84151125,-99448.13808393478,71.94720005989075,0.00020118606993737963,-501.9553780008056,0.18123943894672975,493316707.16575533,-9944.81383985281,779.7659997940063,1.9757882836034536e-05,-49.295537959185,1.9642786959709257
MCQN_K800_I80_Tadpt_alpr1_cs1_ar0.05_sr0.95_nz0.5_gmr0_ccs0_hr0.1_seed1009_data.dat,1009,0,494352559.5816014,634.7639999389648,8546,1123,10000.0,8.904719501335709,9982.310358195431,1.0496859677717805e-06,297.74677573641696,494352726.0250776,-166.44347620010376,493382436.5899762,-970289.4351013899,4.539599895477295,0.001962411183723333,-5828.543201410167,0.007151634144207605,494255697.08154416,-97028.94353342056,72.50880002975464,0.00019593809757797288,-581.9543202808935,0.11422954048548226,494343023.1307113,-9702.894366264343,805.5216000080109,1.9290788942481616e-05,-57.29543210572704,1.2690095847991774
